{
  "train_loss": [
    7.710330157720742,
    6.94770056460084,
    6.819447325057342,
    6.692320434987044,
    6.556599340518983,
    6.424751417977469,
    6.309769742629108,
    6.194915406844196,
    6.094777319611621,
    6.001842667074764,
    5.905755632063922,
    5.817210485955246,
    5.739356305418896,
    5.649954936083625,
    5.5778160455847985,
    5.502727752974053,
    5.426108332241283,
    5.357705444848838,
    5.282908359495532,
    5.221108729098024,
    5.155416436556007,
    5.091309395156989,
    5.036510736000638,
    4.973666006777467,
    4.915650251532803,
    4.859200020798114,
    4.806807690307874,
    4.754144624501717,
    4.703159584718592,
    4.658024815952077,
    4.606756318517092,
    4.554164529848499,
    4.50922895479603,
    4.420425150574756,
    4.3918158186583955,
    4.3699171763508255,
    4.347484813017004
  ],
  "val_loss": [
    7.1064545427049906,
    7.034859759466989,
    6.9655777386256625,
    6.867606469563076,
    6.781863859721592,
    6.7171401636941095,
    6.652953965323312,
    6.6039247172219415,
    6.569257191249302,
    6.536410706383841,
    6.503482001168387,
    6.480917964662824,
    6.451551267078945,
    6.440261942999704,
    6.416128601346697,
    6.390330757413592,
    6.379597357341221,
    6.361003943852016,
    6.353817565100534,
    6.35861611366272,
    6.338741064071655,
    6.3374424661908835,
    6.31796704019819,
    6.313368695122855,
    6.3164123467036655,
    6.31741864340646,
    6.305737631661551,
    6.28708062853132,
    6.2845432077135355,
    6.286482776914324,
    6.296964679445539,
    6.295991352626255,
    6.297167607716152,
    6.300240823200771,
    6.2960812364305765,
    6.296482426779611,
    6.30207245690482
  ]
}