{
  "train_loss": [
    6.885288327863339,
    6.262286805178954,
    5.962191877678734,
    5.771134557852098,
    5.631271780061744,
    5.517128606149586,
    5.42383021234969,
    5.346479336163025,
    5.281365725109565,
    5.2252752742263775
  ],
  "val_loss": [
    6.365834467609724,
    5.968541874488195,
    5.763464407126109,
    5.627497646212578,
    5.526497029264768,
    5.4420787324508035,
    5.380691372354826,
    5.346563213070234,
    5.287139227986335,
    5.250566466649373
  ]
}