{
  "train_loss": [
    7.69954220587466,
    6.948358527752531,
    6.807105509172969,
    6.662600657519172,
    6.518754117629108,
    6.440276570680763,
    6.297558856611492,
    6.189035183241387,
    6.089648663496771,
    5.993900771902389,
    5.912458199412883,
    5.818741854499368,
    5.737561526418734,
    5.652590943985627,
    5.575439773687796,
    5.497830839718089,
    5.4378871597161815,
    5.357074272732775,
    5.281571316118,
    5.208735474017488,
    5.142085075378418,
    5.084039127125459,
    5.012936756390483,
    4.954717339587813,
    4.890317664426916,
    4.829687170621727,
    4.776189663830926,
    4.717240025015438,
    4.66479001726423,
    4.613929916830624,
    4.561608763302074,
    4.5108117576406785,
    4.469768824697542,
    4.417050878540809,
    4.3741761175524285,
    4.326813569589823,
    4.248205651756094,
    4.216251180953338,
    4.195034095219204,
    4.16837442822817,
    4.1170168704345445,
    4.11170150652653
  ],
  "val_loss": [
    7.059463569096157,
    6.987102849142892,
    6.902773380279541,
    6.802811213902065,
    6.727913073131016,
    6.689126559666225,
    6.633875131607056,
    6.602587836129325,
    6.564384085791452,
    6.545615707124982,
    6.524280956813267,
    6.4972827434539795,
    6.474305152893066,
    6.464552845273699,
    6.455286094120571,
    6.454358339309692,
    6.426978826522827,
    6.419687816074917,
    6.4172427994864325,
    6.395172527858189,
    6.395016397748675,
    6.37483641079494,
    6.378391708646502,
    6.380709341594151,
    6.3657092707497736,
    6.373472588402884,
    6.361414841243199,
    6.358768565314157,
    6.358244487217495,
    6.3540429047175815,
    6.3542497498648505,
    6.353043590273176,
    6.3592449596949985,
    6.352523190634591,
    6.362963131495884,
    6.3676228523254395,
    6.362282582691738,
    6.3628263132912775,
    6.363754953656878,
    6.378030708857945,
    6.37235815184457,
    6.376155512673514
  ]
}