{
  "train_loss": [
    6.884026480803285,
    6.272455063833578,
    5.969337783957477,
    5.779648452845366,
    5.644244686107274,
    5.539329460562794,
    5.45268981828906,
    5.3782037387793125,
    5.314961784688783,
    5.259618973831381
  ],
  "val_loss": [
    6.366770245631536,
    5.98255768318971,
    5.763684323430061,
    5.632491685946783,
    5.539248448610306,
    5.4646734724442165,
    5.407264524698258,
    5.36081391175588,
    5.315318246682485,
    5.282130671540896
  ]
}