{
  "train_loss": [
    6.085053552098635,
    5.996281824192079,
    5.935424824722674,
    5.887928850510541,
    5.843674647707899,
    5.805187425693544,
    5.770918305180654,
    5.736671047050412,
    5.707131173430371,
    5.678291833701254,
    5.648730822971889,
    5.622881172084007,
    5.599494817878018,
    5.578138559806247,
    5.558358296626756,
    5.537796501352005,
    5.513160340926227,
    5.4942218115349775,
    5.471522022696102,
    5.453123485340791,
    5.4372424558431165,
    5.419070492271616,
    5.396526220465908,
    5.386764810866668,
    5.370959502308309,
    5.352003678554246,
    5.334876489238579,
    5.3164447015073115,
    5.303489180172191,
    5.286100075024517
  ],
  "val_loss": [
    5.561656543186733,
    5.5238281318119595,
    5.492570536477225,
    5.46754881313869,
    5.444403954914638,
    5.427893025534494,
    5.410205330167498,
    5.393941334315708,
    5.3816768782479425,
    5.371010984693255,
    5.3588786125183105,
    5.349517856325422,
    5.339418751852853,
    5.330207960946219,
    5.322351694107056,
    5.314367089952741,
    5.3075385093688965,
    5.3009447029658725,
    5.292774949754987,
    5.289893729346139,
    5.282152482441494,
    5.276135308401925,
    5.273477418082101,
    5.26775598526001,
    5.263556855065482,
    5.26069518498012,
    5.254549980163574,
    5.251722914831979,
    5.243681328637259,
    5.23994643347604
  ]
}