{
  "train_loss": [
    6.877793246698136,
    6.252146473854104,
    5.951099738968694,
    5.759993123367684,
    5.6196206330480045,
    5.509818893276248,
    5.419546737556051,
    5.3460214965152435,
    5.284342796176382,
    5.231020990043064
  ],
  "val_loss": [
    6.36251723865668,
    5.9630245188872015,
    5.755526769161224,
    5.624435011545817,
    5.524879796306292,
    5.450205679734548,
    5.393807315826416,
    5.3423884828885395,
    5.303314792116483,
    5.267670370141665
  ]
}