{
  "train_loss": [
    6.08221961670563,
    5.995918261904676,
    5.938181472425701,
    5.887434987460866,
    5.849278237639355,
    5.8071865193984085,
    5.776448850872136,
    5.735347892055993,
    5.713996041722658,
    5.685593176288765,
    5.659000617115438,
    5.633404575476126,
    5.616348222524178,
    5.5884414961358075,
    5.562384264809745,
    5.550764127939689,
    5.529417025942762,
    5.508098938885857,
    5.485245608482041,
    5.468292444693942,
    5.449952834794502,
    5.437579427446638,
    5.414295605250767,
    5.401485038404705,
    5.380470520308037,
    5.3655685016087125,
    5.351187649895163,
    5.336281475900602,
    5.318401076212651,
    5.300842818091898
  ],
  "val_loss": [
    5.577218157904489,
    5.54561904498509,
    5.519472054072788,
    5.500570671898978,
    5.482527766908918,
    5.46638035774231,
    5.4538731915610175,
    5.441374097551618,
    5.429196459906442,
    5.419304847717285,
    5.410207203456333,
    5.40241653578622,
    5.39558356148856,
    5.387509073529925,
    5.38219952583313,
    5.376414230891636,
    5.370333739689419,
    5.364364658083234,
    5.36015122277396,
    5.352666071483067,
    5.349964448383877,
    5.343436275209699,
    5.340500831604004,
    5.3360205718449185,
    5.332857983452933,
    5.327947684696743,
    5.3250241960797995,
    5.322331190109253,
    5.3175309385572165,
    5.315154382160732
  ]
}