{
  "train_loss": [
    7.754734351855366,
    6.973907783251851,
    6.8447489498042255,
    6.713261207612622,
    6.5796259351137305,
    6.448000539250734,
    6.332834355971393,
    6.223312850759811,
    6.121689584074902,
    6.02603851045881,
    5.935226252099045,
    5.853336638763171,
    5.76966212376827,
    5.688213047861051,
    5.6103854540015465,
    5.541524730810599,
    5.462719200038109,
    5.400230319560075,
    5.329149759116293,
    5.26549766043655,
    5.198935312383315,
    5.139151561160047,
    5.07670929852654,
    5.013713387882008,
    4.96463610544926,
    4.910890150470894,
    4.856332814993978,
    4.8037174088614325,
    4.752844842542119,
    4.708309189612124,
    4.65898114693265,
    4.616024734593239,
    4.566760820500991,
    4.52324776288842,
    4.486092719711175,
    4.439930855726995,
    4.361986244426054,
    4.334228339315462,
    4.313839684013559,
    4.288699446606035
  ],
  "val_loss": [
    7.100272927965436,
    7.014372042247227,
    6.930589505604336,
    6.83298134803772,
    6.748378310884748,
    6.676814453942435,
    6.619097879954746,
    6.5797436237335205,
    6.53520325251988,
    6.509516341345651,
    6.4765777587890625,
    6.448102542332241,
    6.427095855985369,
    6.405515159879412,
    6.393917901175363,
    6.3771640573229105,
    6.368680545261928,
    6.349115371704102,
    6.33666900226048,
    6.325877393995013,
    6.311962706702096,
    6.307577473776681,
    6.300565617425101,
    6.301951578685215,
    6.29117488861084,
    6.286566870553153,
    6.282062530517578,
    6.283555439540318,
    6.288040195192609,
    6.28228896004813,
    6.280769893101284,
    6.278230598994663,
    6.279121194566999,
    6.287662880761283,
    6.284546409334455,
    6.2847446373530795,
    6.295977013451712,
    6.294242279870169,
    6.301394053867885,
    6.295890705926078
  ]
}