{
  "train_loss": [
    6.059529560954631,
    5.9668538229806085,
    5.917426954798338,
    5.858178411211286,
    5.82010552863113,
    5.785178036248984,
    5.7452358718679735,
    5.715564014530983,
    5.682042173978661,
    5.653014892289619,
    5.6274783951895575,
    5.604185793580127,
    5.573863866950283,
    5.5547703815107585,
    5.533025020310859,
    5.507674197188947,
    5.486885339272122,
    5.471259044999836,
    5.449208596173455,
    5.432379073455554,
    5.412651843383532,
    5.396559330595641,
    5.383966874675591,
    5.361367065365575,
    5.347964563289611,
    5.329221196535255,
    5.307693116805133,
    5.296117169516427,
    5.283472606113979,
    5.260614262909448
  ],
  "val_loss": [
    5.4995478221348355,
    5.468324286597116,
    5.439307825905936,
    5.417551142828805,
    5.397486822945731,
    5.3821218354361395,
    5.364497593470982,
    5.353877646582467,
    5.341481753758022,
    5.33058762550354,
    5.321138858795166,
    5.31260745865958,
    5.3029661519186835,
    5.294450044631958,
    5.28774493081229,
    5.281483956745693,
    5.27470030103411,
    5.269995791571481,
    5.264180047171457,
    5.257272890635899,
    5.252527168818882,
    5.249714612960815,
    5.243313414709909,
    5.236152853284564,
    5.233401026044573,
    5.233985253742763,
    5.227462121418545,
    5.222876855305263,
    5.220440660204206,
    5.21575014931815
  ]
}